﻿ID;Status;RU;EN;CN
b062f497-4c40-4abf-9ce1-f40e2876f5d4-StickyNoteText;Ok;"Установка параметров вручную
Android 7 x32: Nougat32_1, Nougat32_2,...
Android 7 x64: Nougat64_1, Nougat64_2,...
Android 9: Pie64_1, Pie64_2,...
Android 11: Rvc64_1, Rvc64_2,...
Oem: nxt, msi5,...";"Setting parameters manually
Android 7 x32: Nougat32_1, Nougat32_2,...
Android 7 x64: Nougat64_1, Nougat64_2,...
Android 9: Pie64_1, Pie64_2,...
Android 11: Rvc64_1, Rvc64_2,...
Oem: nxt, msi5,...";"Setting parameters manually
Android 7 x32: Nougat32_1, Nougat32_2,...
Android 7 x64: Nougat64_1, Nougat64_2,...
Android 9: Pie64_1, Pie64_2,...
Android 11: Rvc64_1, Rvc64_2,...
Oem: nxt, msi5,..."
af6a0710-3e28-4b79-820c-682ae65fde8b-UserText;Ok;"Остановка эмулятора";"Stop the emulator";"Stop the emulator"
2f644790-851a-4b22-b689-6106d27e974e-UserText;Ok;"Разблокировка системного диска";"Unlock system";"Unlock system"
eded1956-a720-4e9e-8422-74e7f8775bb8-UserText;Ok;"Запуск эмулятора";"Run the emulator";"Run the emulator"
508f72d4-04b3-4a9e-9d02-06a977527bce-UserText;Ok;"Сброс таймера";"Reset timer";"Reset timer"
6b958178-0d7d-450c-a41d-97a8ea890f87-UserText;Ok;"Подключение к эмулятору";"Connect to the emulator";"Connect to the emulator"
70d67d36-f7eb-46b3-93fe-df711a13cb55-UserText;Ok;"Патч системы для установки Magisk";"Patch";"Patch"
99a1b64d-21e7-4730-9948-45481b7e22e7-UserText;Ok;"Установка Magisk";"Install Magisk";"Install Magisk"
c47306e3-c44e-4458-80ce-9e488111e8dd-UserText;Ok;"Запись Magisk в системный раздел";"Flash Magisk to system";"Flash Magisk to system"
511d14db-79ff-4ffa-9320-b8e27ce535e5-UserText;Ok;"Остановка эмулятора";"Stop the emulator";"Stop the emulator"
acf46de0-cb0b-463c-81f1-6d1b6d220415-UserText;Ok;"Запуск эмулятора";"Run the emulator";"Run the emulator"
aafbffc8-deec-4291-bbf3-f8dba8ac3edc-UserText;Ok;"Name";"Name";"Name"
d51ceedb-4d63-4572-a257-3fe1ae517386-UserText;Ok;"Oem";"Oem";"Oem"
519d13a9-c077-4801-92f3-06658825318d-UserText;Ok;"Magisk";"Magisk";"Magisk"
d4e96f4b-a773-4914-a783-57d1f858254c-UserText;Ok;"Сброс таймера";"Reset timer";"Reset timer"
c6ee3351-9f9d-431f-815b-b2046c864b53-UserText;Ok;"Подключение к эмулятору";"Connect to the emulator";"Connect to the emulator"
d88455e6-1da4-401e-9934-efe1f77fcb5c-UserText;Ok;"Остановка эмулятора";"Stop the emulator";"Stop the emulator"
b6f88780-366d-463b-a5b4-6451056e37b8-UserText;Ok;"Восстановление системного диска";"Lock system";"Lock system"
11746c72-2122-4026-9c9d-d456e0cffea9-AlertText;Ok;"Ошибка";"Error";"Error"
049963e3-2a55-4e42-a9e1-6ccf497f9a3a-StickyNoteText;Ok;"Автоматическая установка параметров.
Для выбора эмулятора нажать 
""Входные настройки"" (значок на панели внизу) и ""Демонстрация"" (значок лупы).
Для запуска нажать ""С начала"" (наверху)";"Automatic parameter setting. 
To select an emulator, click ""Input Settings"" (the icon in the panel at the bottom) and ""Demonstration"" (the magnifying glass icon).
To start, click ""Restart"" (at the top).";"Automatic parameter setting. 
To select an emulator, click ""Input Settings"" (the icon in the panel at the bottom) and ""Demonstration"" (the magnifying glass icon).
To start, click ""Restart"" (at the top)."
4495dd65-40cd-4ed8-ae22-eb72ea99d700-StickyNoteText;Ok;"API";"API";"API"
4e49b852-2f6b-464b-b3fc-1aeb43aa70e4-UserText;Ok;"Проверка возможности установки Zygisk";"Checking the ability of installing Zygisk";"Checking the ability of installing Zygisk"
dac231b3-64c9-4a23-865b-56d48c061298-UserText;Ok;"Prefix";"Prefix";"Prefix"
e7576a16-b329-42f6-9e00-dd2c17d14a39-UserText;Ok;"Prefix";"Prefix";"Prefix"
3f6de742-8284-4d16-af04-17c284c4a937-UserText;Ok;"Prefix";"Prefix";"Prefix"
8c6c1a0c-172c-4bdf-bdaf-c69e34a5e1c3-UserText;Ok;"Prefix";"Prefix";"Prefix"
8c993517-e90c-446c-910b-2ba7481a398e-UserText;Ok;"Oem";"Oem";"Oem"
ebcc3e59-88e6-4734-9395-803dbb2d9f85-UserText;Ok;"Oem";"Oem";"Oem"
30f7955f-8090-4688-befe-c7d848b24c54-UserText;Ok;"Создание эмулятора с параметрами";"Create the emulator with settings";"Create the emulator with settings"
b23e48c2-06d1-48e2-928c-ef9879d9cde1-UserText;Ok;"Включение Zygisk";"Enable Zygisk";"Enable Zygisk"
608f042a-f8e4-4992-873c-5f6262412d35-UserText;Ok;"Остановка эмулятора";"Stop the emulator";"Stop the emulator"
24145886-b0bc-4376-83c5-aea1074434ef-UserText;Ok;"Запуск эмулятора";"Run the emulator";"Run the emulator"
a887753e-7c42-446c-8454-500faad0ee64-AlertText;Ok;"Успешно";"Successfully";"Successfully"
b3d4bb80-0ecb-49f0-9a28-41049ed66ff1-UserText;Ok;"Magisk";"Magisk";"Magisk"
4303b98b-c9b8-4abf-a7ec-b87eab84c422-UserText;Ok;"Создание эмулятора";"Create the emulator";"Create the emulator"
0967e799-63cf-46cc-bcc2-2630ffbf8f7b-UserText;Ok;"Создание эмулятора с параметрами";"Create the emulator with settings";"Create the emulator with settings"
c6d3893b-db18-4eaf-8cfb-a7e360dc3ce0-UserText;Ok;"Удаление эмулятора";"Delete the emulator";"Delete the emulator"
8cbd1359-01f1-40e1-8ad8-2ecd4a118434-UserText;Ok;"Запуск менеджера";"Run the manager";"Run the manager"
6d04ae04-be31-4c22-b541-0e2ad084fe7a-UserText;Ok;"Закрытие менеджера";"Close the manager";"Close the manager"
57da00ed-dc34-4168-ab4e-fc9469b4f9a3-UserText;Ok;"Разблокировка системного диска";"Unlock system";"Unlock system"
837c594c-8d1a-4ab3-a639-9e227eddd077-UserText;Ok;"Восстановление системного диска";"Lock system";"Lock system"
ff2810cf-ab2a-45e1-9520-d09bc68b27b1-UserText;Ok;"Патч системы для установки Magisk";"Patch";"Patch"
8a78febb-4836-4652-8324-2ff594e351e8-UserText;Ok;"Установка Magisk";"Install Magisk";"Install Magisk"
7a69a08d-8683-4ae4-9d0f-fa87a0b46647-UserText;Ok;"Запись Magisk в системный раздел";"Flash Magisk to system";"Flash Magisk to system"
f7ec3393-09f7-461e-9142-d0f9cc4c77bb-UserText;Ok;"Включение Zygisk";"Enable Zygisk";"Enable Zygisk"
4f9ea3c9-ea08-4b97-8e62-ee95d1334af6-UserText;Ok;"Запуск эмулятора";"Run the emulator";"Run the emulator"
fd66880f-b760-4b09-9185-781fa7bcfb99-UserText;Ok;"Подключение к эмулятору";"Connect to the emulator";"Connect to the emulator"
e6aa863d-0e06-48ec-ab89-e59352b34048-UserText;Ok;"Остановка эмулятора";"Stop the emulator";"Stop the emulator"
098462fa-612c-43d5-912d-152541245489-UserText;Ok;"Name";"Name";"Name"
566fc6d5-4145-4213-a88a-566b6bb6a8ee-UserText;Ok;"Создавать новый эмулятор";"Create a new emulator";"Create a new emulator"
af4a9383-e4b1-4dde-a394-1b8964b6852f-UserText;Ok;"Oem";"Oem";"Oem"
fe144158-b23e-490e-9d7c-14bc9f4812c0-UserText;Ok;"Создавать новый эмулятор";"Create a new emulator";"Create a new emulator"
